{"products":[{"id":"0.558673316244021","qty":1}],"totalPrice":11.029999999999987}